index,timestamp_us,duration_us,level
0,1353329,0,1
1,1353767,438,0
2,1354317,550,1
3,1355206,889,0
4,1355756,550,1
5,1356645,889,0
6,1357195,550,1
7,1358084,889,0
8,1359111,1027,1
9,1359523,412,0
10,1360550,1027,1
11,1360962,412,0
12,1361989,1027,1
13,1362401,412,0
14,1363428,1027,1
15,1363840,412,0
16,1364390,550,1
17,1365279,889,0
18,1366306,1027,1
19,1366718,412,0
20,1367745,1027,1
21,1368157,412,0
22,1368707,550,1
23,1369596,889,0
24,1370623,1027,1
25,1371035,412,0
26,1372062,1027,1
27,1372474,412,0
28,1373502,1028,1
29,1373914,412,0
30,1374464,550,1
31,1375353,889,0
32,1376380,1027,1
33,1376792,412,0
34,1377819,1027,1
35,1378231,412,0
36,1378781,550,1
37,1379670,889,0
38,1380220,550,1
39,1381109,889,0
40,1381659,550,1
41,1382548,889,0
42,1383098,550,1
43,1383987,889,0
44,1385014,1027,1
45,1385426,412,0
46,1385976,550,1
47,1386865,889,0
48,1387892,1027,1
49,1388304,412,0
50,1388854,550,1
51,1389743,889,0
52,1390770,1027,1
53,1391182,412,0
54,1391732,550,1
55,1392621,889,0
56,1393648,1027,1
57,1394060,412,0
58,1405201,11141,1
59,1405619,418,0
60,1406171,552,1
61,1407060,889,0
62,1407610,550,1
63,1408500,890,0
64,1409050,550,1
65,1409939,889,0
66,1410966,1027,1
67,1411378,412,0
68,1412405,1027,1
69,1412817,412,0
70,1413844,1027,1
71,1414256,412,0
72,1415283,1027,1
73,1415695,412,0
74,1416245,550,1
75,1417134,889,0
76,1418162,1028,1
77,1418579,417,0
78,1419606,1027,1
79,1420018,412,0
80,1420568,550,1
81,1421457,889,0
82,1422484,1027,1
83,1422896,412,0
84,1423923,1027,1
85,1424335,412,0
86,1425362,1027,1
87,1425774,412,0
88,1426324,550,1
89,1427213,889,0
90,1428240,1027,1
91,1428652,412,0
92,1429679,1027,1
93,1430091,412,0
94,1430641,550,1
95,1431530,889,0
96,1432080,550,1
97,1432969,889,0
98,1433519,550,1
99,1434408,889,0
100,1434958,550,1
101,1435847,889,0
102,1436874,1027,1
103,1437286,412,0
104,1437836,550,1
105,1438725,889,0
106,1439752,1027,1
107,1440170,418,0
108,1440719,549,1
109,1441609,890,0
110,1442636,1027,1
111,1443048,412,0
112,1443598,550,1
113,1444487,889,0
114,1445514,1027,1
115,1445926,412,0
116,1457067,11141,1
117,1457485,418,0
118,1458035,550,1
119,1458924,889,0
120,1459474,550,1
121,1460363,889,0
122,1460913,550,1
123,1461802,889,0
124,1462829,1027,1
125,1463241,412,0
126,1464268,1027,1
127,1464680,412,0
128,1465707,1027,1
129,1466119,412,0
130,1467146,1027,1
131,1467558,412,0
132,1468107,549,1
133,1468997,890,0
134,1470024,1027,1
135,1470436,412,0
136,1471463,1027,1
137,1471875,412,0
138,1472425,550,1
139,1473314,889,0
140,1474341,1027,1
141,1474753,412,0
142,1475780,1027,1
143,1476192,412,0
144,1477219,1027,1
145,1477631,412,0
146,1478181,550,1
147,1479070,889,0
148,1480097,1027,1
149,1480509,412,0
150,1481536,1027,1
151,1481948,412,0
152,1482498,550,1
153,1483388,890,0
154,1483937,549,1
155,1484827,890,0
156,1485377,550,1
157,1486266,889,0
158,1486816,550,1
159,1487705,889,0
160,1488732,1027,1
161,1489144,412,0
162,1489694,550,1
163,1490583,889,0
164,1491610,1027,1
165,1492022,412,0
166,1492572,550,1
167,1493461,889,0
168,1494488,1027,1
169,1494900,412,0
170,1495450,550,1
171,1496339,889,0
172,1497366,1027,1
173,1497778,412,0
174,1508919,11141,1
175,1509337,418,0
176,1509887,550,1
177,1510776,889,0
178,1511326,550,1
179,1512215,889,0
180,1512765,550,1
181,1513654,889,0
182,1514681,1027,1
183,1515093,412,0
184,1516120,1027,1
185,1516532,412,0
186,1517559,1027,1
187,1517971,412,0
188,1518998,1027,1
189,1519410,412,0
190,1519959,549,1
191,1520849,890,0
192,1521876,1027,1
193,1522288,412,0
194,1523315,1027,1
195,1523727,412,0
196,1524277,550,1
197,1525171,894,0
198,1526198,1027,1
199,1526610,412,0
200,1527637,1027,1
201,1528049,412,0
202,1529076,1027,1
203,1529488,412,0
204,1530038,550,1
205,1530927,889,0
206,1531954,1027,1
207,1532366,412,0
208,1533393,1027,1
209,1533805,412,0
210,1534355,550,1
211,1535244,889,0
212,1535794,550,1
213,1536683,889,0
214,1537233,550,1
215,1538122,889,0
216,1538672,550,1
217,1539561,889,0
218,1540588,1027,1
219,1541000,412,0
220,1541550,550,1
221,1542439,889,0
222,1543466,1027,1
223,1543878,412,0
224,1544428,550,1
225,1545317,889,0
226,1546344,1027,1
227,1546756,412,0
228,1547306,550,1
229,1548195,889,0
230,1549222,1027,1
231,1549634,412,0
232,1560775,11141,1
233,1561193,418,0
234,1561743,550,1
235,1562632,889,0
236,1563182,550,1
237,1564071,889,0
238,1564621,550,1
239,1565510,889,0
240,1566537,1027,1
241,1566949,412,0
242,1567976,1027,1
243,1568388,412,0
244,1569415,1027,1
245,1569827,412,0
246,1570854,1027,1
247,1571266,412,0
248,1571816,550,1
249,1572705,889,0
250,1573732,1027,1
251,1574144,412,0
252,1575171,1027,1
253,1575583,412,0
254,1576133,550,1
255,1577022,889,0
256,1578049,1027,1
257,1578461,412,0
258,1579488,1027,1
259,1579900,412,0
260,1580927,1027,1
261,1581339,412,0
262,1581889,550,1
263,1582778,889,0
264,1583805,1027,1
265,1584217,412,0
266,1585244,1027,1
267,1585656,412,0
268,1586206,550,1
269,1587095,889,0
270,1587645,550,1
271,1588534,889,0
272,1589084,550,1
273,1589973,889,0
274,1590523,550,1
275,1591412,889,0
276,1592439,1027,1
277,1592851,412,0
278,1593401,550,1
279,1594290,889,0
280,1595317,1027,1
281,1595729,412,0
282,1596279,550,1
283,1597171,892,0
284,1598198,1027,1
285,1598610,412,0
286,1599160,550,1
287,1600055,895,0
288,1601082,1027,1
289,1601495,413,0
290,1612636,11141,1
291,1613054,418,0
292,1613604,550,1
293,1614493,889,0
294,1615043,550,1
295,1615933,890,0
296,1616483,550,1
297,1617372,889,0
298,1618399,1027,1
299,1618811,412,0
300,1619838,1027,1
301,1620250,412,0
302,1621277,1027,1
303,1621689,412,0
304,1622716,1027,1
305,1623128,412,0
306,1623678,550,1
307,1624567,889,0
308,1625594,1027,1
309,1626006,412,0
310,1627033,1027,1
311,1627445,412,0
312,1627995,550,1
313,1628884,889,0
314,1629911,1027,1
315,1630323,412,0
316,1631350,1027,1
317,1631762,412,0
318,1632789,1027,1
319,1633201,412,0
320,1633750,549,1
321,1634640,890,0
322,1635667,1027,1
323,1636079,412,0
324,1637106,1027,1
325,1637518,412,0
326,1638068,550,1
327,1638957,889,0
328,1639507,550,1
329,1640396,889,0
330,1640946,550,1
331,1641835,889,0
332,1642385,550,1
333,1643274,889,0
334,1644301,1027,1
335,1644713,412,0
336,1645263,550,1
337,1646152,889,0
338,1647179,1027,1
339,1647591,412,0
340,1648141,550,1
341,1649030,889,0
342,1650057,1027,1
343,1650469,412,0
344,1651019,550,1
345,1651908,889,0
346,1652935,1027,1
347,1653347,412,0
348,1664488,11141,1
349,1664907,419,0
350,1665457,550,1
351,1666346,889,0
352,1666895,549,1
353,1667785,890,0
354,1668335,550,1
355,1669224,889,0
356,1670251,1027,1
357,1670663,412,0
358,1671690,1027,1
359,1672102,412,0
360,1673129,1027,1
361,1673541,412,0
362,1674568,1027,1
363,1674980,412,0
364,1675530,550,1
365,1676419,889,0
366,1677446,1027,1
367,1677858,412,0
368,1678885,1027,1
369,1679297,412,0
370,1679847,550,1
371,1680736,889,0
372,1681763,1027,1
373,1682175,412,0
374,1683202,1027,1
375,1683614,412,0
376,1684641,1027,1
377,1685053,412,0
378,1685603,550,1
379,1686492,889,0
380,1687520,1028,1
381,1687932,412,0
382,1688959,1027,1
383,1689371,412,0
384,1689921,550,1
385,1690810,889,0
386,1691360,550,1
387,1692249,889,0
388,1692799,550,1
389,1693688,889,0
390,1694238,550,1
391,1695127,889,0
392,1696154,1027,1
393,1696566,412,0
394,1697116,550,1
395,1698005,889,0
396,1699032,1027,1
397,1699444,412,0
398,1699994,550,1
399,1700883,889,0
400,1701910,1027,1
401,1702322,412,0
402,1702872,550,1
403,1703761,889,0
404,1704788,1027,1
405,1705200,412,0
406,1716341,11141,1
407,1716759,418,0
408,1717309,550,1
409,1718198,889,0
410,1718748,550,1
411,1719637,889,0
412,1720187,550,1
413,1721076,889,0
414,1722103,1027,1
415,1722515,412,0
416,1723542,1027,1
417,1723954,412,0
418,1724981,1027,1
419,1725393,412,0
420,1726420,1027,1
421,1726832,412,0
422,1727382,550,1
423,1728271,889,0
424,1729298,1027,1
425,1729710,412,0
426,1730737,1027,1
427,1731149,412,0
428,1731699,550,1
429,1732588,889,0
430,1733615,1027,1
431,1734027,412,0
432,1735054,1027,1
433,1735466,412,0
434,1736493,1027,1
435,1736906,413,0
436,1737456,550,1
437,1738345,889,0
438,1739372,1027,1
439,1739784,412,0
440,1740811,1027,1
441,1741223,412,0
442,1741773,550,1
443,1742662,889,0
444,1743212,550,1
445,1744101,889,0
446,1744651,550,1
447,1745540,889,0
448,1746090,550,1
449,1746979,889,0
450,1748006,1027,1
451,1748418,412,0
452,1748968,550,1
453,1749857,889,0
454,1750884,1027,1
455,1751296,412,0
456,1751846,550,1
457,1752735,889,0
458,1753762,1027,1
459,1754174,412,0
460,1754724,550,1
461,1755613,889,0
462,1756640,1027,1
463,1757052,412,0
464,1768193,11141,1
465,1768611,418,0
466,1769162,551,1
467,1770056,894,0
468,1770606,550,1
469,1771495,889,0
470,1772046,551,1
471,1772935,889,0
472,1773962,1027,1
473,1774374,412,0
474,1775401,1027,1
475,1775813,412,0
476,1776840,1027,1
477,1777252,412,0
478,1778279,1027,1
479,1778691,412,0
480,1779241,550,1
481,1780130,889,0
482,1781157,1027,1
483,1781569,412,0
484,1782596,1027,1
485,1783008,412,0
486,1783558,550,1
487,1784447,889,0
488,1785474,1027,1
489,1785886,412,0
490,1786913,1027,1
491,1787325,412,0
492,1788352,1027,1
493,1788764,412,0
494,1789314,550,1
495,1790203,889,0
496,1791230,1027,1
497,1791642,412,0
498,1792669,1027,1
499,1793081,412,0
500,1793631,550,1
501,1794520,889,0
502,1795070,550,1
503,1795959,889,0
504,1796509,550,1
505,1797398,889,0
506,1797948,550,1
507,1798837,889,0
508,1799864,1027,1
509,1800276,412,0
510,1800826,550,1
511,1801715,889,0
512,1802742,1027,1
513,1803154,412,0
514,1803704,550,1
515,1804593,889,0
516,1805620,1027,1
517,1806032,412,0
518,1806582,550,1
519,1807471,889,0
520,1808498,1027,1
521,1808911,413,0
522,1820052,11141,1
523,1820470,418,0
524,1821020,550,1
525,1821909,889,0
526,1822459,550,1
527,1823348,889,0
528,1823898,550,1
529,1824787,889,0
530,1825814,1027,1
531,1826226,412,0
532,1827253,1027,1
533,1827665,412,0
534,1828692,1027,1
535,1829104,412,0
536,1830131,1027,1
537,1830543,412,0
538,1831093,550,1
539,1831982,889,0
540,1833009,1027,1
541,1833421,412,0
542,1834448,1027,1
543,1834860,412,0
544,1835410,550,1
545,1836299,889,0
546,1837326,1027,1
547,1837738,412,0
548,1838765,1027,1
549,1839177,412,0
550,1840204,1027,1
551,1840616,412,0
552,1841171,555,1
553,1842060,889,0
554,1843087,1027,1
555,1843500,413,0
556,1844527,1027,1
557,1844939,412,0
558,1845489,550,1
559,1846378,889,0
560,1846928,550,1
561,1847817,889,0
562,1848367,550,1
563,1849256,889,0
564,1849806,550,1
565,1850695,889,0
566,1851722,1027,1
567,1852134,412,0
568,1852684,550,1
569,1853573,889,0
570,1854600,1027,1
571,1855012,412,0
572,1855562,550,1
573,1856451,889,0
574,1857478,1027,1
575,1857890,412,0
576,1858440,550,1
577,1859329,889,0
578,1860356,1027,1
579,1860768,412,0
